,Grad_max_value,Grad_min_value,Percentile
0,0.008555468637496233,-0.013008175417780876,25
1,0.009755387902259827,-0.01209205947816372,50
2,0.012644536793231964,-0.010643543675541878,75
3,0.017428823560476304,-0.009468976035714149,90
4,0.020928969383239744,-0.008188964668661359,95
